source_id,target_id,distance,distance_rank,dataset,method,tau_t,weight,threshold_uniform,selected,guardrail_used
4,2,0.0398,2,cho2017,softmax_tau,0.1141,0.17075350325776076,0.1111111111111111,1,0
14,2,0.0845,4,cho2017,softmax_tau,0.1141,0.11540635276354325,0.1111111111111111,1,0
17,2,0.1305,7,cho2017,softmax_tau,0.1141,0.07711549826057727,0.1111111111111111,0,0
28,2,0.0296,1,cho2017,softmax_tau,0.1141,0.18672114158987002,0.1111111111111111,1,0
30,2,0.1141,5,cho2017,softmax_tau,0.1141,0.08903573824695948,0.1111111111111111,0,0
40,2,0.1574,9,cho2017,softmax_tau,0.1141,0.06091906430465708,0.1111111111111111,0,0
42,2,0.1465,8,cho2017,softmax_tau,0.1141,0.06702571857955425,0.1111111111111111,0,0
44,2,0.053,3,cho2017,softmax_tau,0.1141,0.15209921256049083,0.1111111111111111,1,0
45,2,0.125,6,cho2017,softmax_tau,0.1141,0.08092377043658713,0.1111111111111111,0,0
2,4,0.0398,1,cho2017,softmax_tau,0.1283,0.20067569398689417,0.1111111111111111,1,0
14,4,0.1283,5,cho2017,softmax_tau,0.1283,0.1006753100601696,0.1111111111111111,0,0
17,4,0.1594,8,cho2017,softmax_tau,0.1283,0.07900411683993479,0.1111111111111111,0,0
28,4,0.1797,9,cho2017,softmax_tau,0.1283,0.06744261228980718,0.1111111111111111,0,0
30,4,0.1175,3,cho2017,softmax_tau,0.1283,0.10951683645767965,0.1111111111111111,0,0
40,4,0.1498,6,cho2017,softmax_tau,0.1283,0.08514235265343255,0.1111111111111111,0,0
42,4,0.1253,4,cho2017,softmax_tau,0.1283,0.10305710822335028,0.1111111111111111,0,0
44,4,0.1568,7,cho2017,softmax_tau,0.1283,0.08062146804029927,0.1111111111111111,0,0
45,4,0.0582,2,cho2017,softmax_tau,0.1283,0.17386450144843257,0.1111111111111111,1,0
2,14,0.0845,3,cho2017,softmax_tau,0.1267,0.13434573554024362,0.1111111111111111,1,0
4,14,0.1283,6,cho2017,softmax_tau,0.1267,0.09507994772990398,0.1111111111111111,0,0
17,14,0.1245,4,cho2017,softmax_tau,0.1267,0.09797478994160277,0.1111111111111111,0,0
28,14,0.046,1,cho2017,softmax_tau,0.1267,0.18205047730502463,0.1111111111111111,1,0
30,14,0.1552,8,cho2017,softmax_tau,0.1267,0.07689228477185733,0.1111111111111111,0,0
40,14,0.1499,7,cho2017,softmax_tau,0.1267,0.08017699597462473,0.1111111111111111,0,0
42,14,0.056,2,cho2017,softmax_tau,0.1267,0.1682342575275525,0.1111111111111111,1,0
44,14,0.169,9,cho2017,softmax_tau,0.1267,0.06895725623651552,0.1111111111111111,0,0
45,14,0.1267,5,cho2017,softmax_tau,0.1267,0.09628825497267501,0.1111111111111111,0,0
2,17,0.1305,5,cho2017,softmax_tau,0.1305,0.10443477252140751,0.1111111111111111,0,0
4,17,0.1594,9,cho2017,softmax_tau,0.1305,0.08368893340949199,0.1111111111111111,0,0
14,17,0.1245,4,cho2017,softmax_tau,0.1305,0.10934846413458432,0.1111111111111111,0,0
28,17,0.1578,7,cho2017,softmax_tau,0.1305,0.0847213205010634,0.1111111111111111,0,0
30,17,0.0861,2,cho2017,softmax_tau,0.1305,0.1467591158751933,0.1111111111111111,1,0
40,17,0.1592,8,cho2017,softmax_tau,0.1305,0.08381729064417984,0.1111111111111111,0,0
42,17,0.1125,3,cho2017,softmax_tau,0.1305,0.11988029756119668,0.1111111111111111,1,0
44,17,0.1527,6,cho2017,softmax_tau,0.1305,0.08809781643777387,0.1111111111111111,0,0
45,17,0.06,1,cho2017,softmax_tau,0.1305,0.17925198891510907,0.1111111111111111,1,0
2,28,0.0296,1,cho2017,softmax_tau,0.1,0.2088461576463014,0.1111111111111111,1,0
4,28,0.1797,9,cho2017,softmax_tau,0.1,0.04655330001757505,0.1111111111111111,0,0
14,28,0.046,2,cho2017,softmax_tau,0.1,0.17725651010263427,0.1111111111111111,1,0
17,28,0.1578,7,cho2017,softmax_tau,0.1,0.05795100389489563,0.1111111111111111,0,0
30,28,0.0738,4,cho2017,softmax_tau,0.1,0.13423579169344863,0.1111111111111111,1,0
40,28,0.1489,6,cho2017,softmax_tau,0.1,0.06334512137220223,0.1111111111111111,0,0
42,28,0.1,5,cho2017,softmax_tau,0.1,0.10329592148422256,0.1111111111111111,0,0
44,28,0.0619,3,cho2017,softmax_tau,0.1,0.1511991577211221,0.1111111111111111,1,0
45,28,0.1589,8,cho2017,softmax_tau,0.1,0.05731703606759794,0.1111111111111111,0,0
2,30,0.1141,6,cho2017,softmax_tau,0.1132,0.09945305732448054,0.1111111111111111,0,0
4,30,0.1175,7,cho2017,softmax_tau,0.1132,0.09651036495778738,0.1111111111111111,0,0
14,30,0.1552,8,cho2017,softmax_tau,0.1132,0.06917306427089757,0.1111111111111111,0,0
17,30,0.0861,3,cho2017,softmax_tau,0.1132,0.12736227319003124,0.1111111111111111,1,0
28,30,0.0738,2,cho2017,softmax_tau,0.1132,0.14198093872966,0.1111111111111111,1,0
40,30,0.0513,1,cho2017,softmax_tau,0.1132,0.17320157076622233,0.1111111111111111,1,0
42,30,0.1132,5,cho2017,softmax_tau,0.1132,0.10024691345063805,0.1111111111111111,0,0
44,30,0.087,4,cho2017,softmax_tau,0.1132,0.12635369030869356,0.1111111111111111,1,0
45,30,0.161,9,cho2017,softmax_tau,0.1132,0.06571812700158933,0.1111111111111111,0,0
2,40,0.1574,8,cho2017,softmax_tau,0.1498,0.0794754300816268,0.1111111111111111,0,0
4,40,0.1498,5,cho2017,softmax_tau,0.1498,0.08361159701393776,0.1111111111111111,0,0
14,40,0.1499,6,cho2017,softmax_tau,0.1498,0.08355580015447166,0.1111111111111111,0,0
17,40,0.1592,9,cho2017,softmax_tau,0.1498,0.07852616622499226,0.1111111111111111,0,0
28,40,0.1489,4,cho2017,softmax_tau,0.1498,0.08411544843862356,0.1111111111111111,0,0
30,40,0.0513,3,cho2017,softmax_tau,0.1498,0.16137415645534078,0.1111111111111111,1,0
42,40,0.153,7,cho2017,softmax_tau,0.1498,0.0818444434871279,0.1111111111111111,0,0
44,40,0.0301,1,cho2017,softmax_tau,0.1498,0.1859072049851742,0.1111111111111111,1,0
45,40,0.0511,2,cho2017,softmax_tau,0.1498,0.16158975315870508,0.1111111111111111,1,0
2,42,0.1465,7,cho2017,softmax_tau,0.1132,0.0749368356595708,0.1111111111111111,0,0
4,42,0.1253,6,cho2017,softmax_tau,0.1132,0.09037111747876427,0.1111111111111111,0,0
14,42,0.056,2,cho2017,softmax_tau,0.1132,0.16668662159426187,0.1111111111111111,1,0
17,42,0.1125,4,cho2017,softmax_tau,0.1132,0.1011898974578622,0.1111111111111111,0,0
28,42,0.1,3,cho2017,softmax_tau,0.1132,0.11300397020439903,0.1111111111111111,1,0
30,42,0.1132,5,cho2017,softmax_tau,0.1132,0.100566095580242,0.1111111111111111,0,0
40,42,0.153,9,cho2017,softmax_tau,0.1132,0.07075513212690294,0.1111111111111111,0,0
44,42,0.0305,1,cho2017,softmax_tau,0.1132,0.2088007712693704,0.1111111111111111,1,0
45,42,0.1484,8,cho2017,softmax_tau,0.1132,0.07368955862862649,0.1111111111111111,0,0
2,44,0.053,3,cho2017,softmax_tau,0.087,0.15723808380341292,0.1111111111111111,1,0
4,44,0.1568,7,cho2017,softmax_tau,0.087,0.047686944764032395,0.1111111111111111,0,0
14,44,0.169,9,cho2017,softmax_tau,0.087,0.041447508893380454,0.1111111111111111,0,0
17,44,0.1527,6,cho2017,softmax_tau,0.087,0.04998805628235925,0.1111111111111111,0,0
28,44,0.0619,4,cho2017,softmax_tau,0.087,0.14194820867907906,0.1111111111111111,1,0
30,44,0.087,5,cho2017,softmax_tau,0.087,0.10637350325469662,0.1111111111111111,0,0
40,44,0.0301,1,cho2017,softmax_tau,0.087,0.20458417507243262,0.1111111111111111,1,0
42,44,0.0305,2,cho2017,softmax_tau,0.087,0.20364571720311997,0.1111111111111111,1,0
45,44,0.1579,8,cho2017,softmax_tau,0.087,0.04708780204748662,0.1111111111111111,0,0
2,45,0.125,4,cho2017,softmax_tau,0.1267,0.09743075370631761,0.1111111111111111,0,0
4,45,0.0582,2,cho2017,softmax_tau,0.1267,0.1650703230957878,0.1111111111111111,1,0
14,45,0.1267,5,cho2017,softmax_tau,0.1267,0.09613220558395265,0.1111111111111111,0,0
17,45,0.06,3,cho2017,softmax_tau,0.1267,0.16274178375856593,0.1111111111111111,1,0
28,45,0.1589,8,cho2017,softmax_tau,0.1267,0.07455825298956205,0.1111111111111111,0,0
30,45,0.161,9,cho2017,softmax_tau,0.1267,0.0733326656986494,0.1111111111111111,0,0
40,45,0.0511,1,cho2017,softmax_tau,0.1267,0.1745846053315979,0.1111111111111111,1,0
42,45,0.1484,6,cho2017,softmax_tau,0.1267,0.08100036552735383,0.1111111111111111,0,0
44,45,0.1579,7,cho2017,softmax_tau,0.1267,0.0751490443082128,0.1111111111111111,0,0
